"loan_id";"account_id";"date";"amount";"duration";"payments";"status"
5314;1787;930705 00:00:00;96396;12;8033.00;"B"
5316;1801;930711 00:00:00;165960;36;4610.00;"A"
6863;9188;930728 00:00:00;127080;60;2118.00;"A"
5325;1843;930803 00:00:00;105804;36;2939.00;"A"
7240;11013;930906 00:00:00;274740;60;4579.00;"A"
6687;8261;930913 00:00:00;87840;24;3660.00;"A"
7284;11265;930915 00:00:00;52788;12;4399.00;"A"
6111;5428;930924 00:00:00;174744;24;7281.00;"B"
7235;10973;931013 00:00:00;154416;48;3217.00;"A"
5997;4894;931104 00:00:00;117024;24;4876.00;"A"
7121;10364;931110 00:00:00;21924;36;609.00;"A"
6077;5270;931122 00:00:00;79608;24;3317.00;"A"
6228;6034;931201 00:00:00;464520;60;7742.00;"B"
6356;6701;931208 00:00:00;95400;36;2650.00;"A"
5523;2705;931208 00:00:00;93888;36;2608.00;"A"
6456;7123;931209 00:00:00;47016;12;3918.00;"A"
7104;10320;931213 00:00:00;259740;60;4329.00;"A"
6820;9034;931216 00:00:00;38148;12;3179.00;"A"
6876;9236;931221 00:00:00;86616;12;7218.00;"A"
7097;10266;931223 00:00:00;75624;24;3151.00;"B"
4959;2;940105 00:00:00;80952;24;3373.00;"A"
6499;7401;940105 00:00:00;80952;24;3373.00;"A"
5479;2486;940110 00:00:00;24516;12;2043.00;"A"
5170;1071;940120 00:00:00;253200;60;4220.00;"C"
6721;8475;940121 00:00:00;21072;24;878.00;"A"
7259;11111;940131 00:00:00;108144;36;3004.00;"A"
5285;1603;940206 00:00:00;78936;12;6578.00;"A"
5189;1166;940207 00:00:00;149040;48;3105.00;"A"
6650;8073;940217 00:00:00;49320;12;4110.00;"B"
7226;10940;940223 00:00:00;197748;36;5493.00;"A"
6087;5313;940227 00:00:00;300660;60;5011.00;"C"
7262;11135;940301 00:00:00;182628;36;5073.00;"A"
5519;2694;940308 00:00:00;91632;12;7636.00;"A"
6577;7753;940311 00:00:00;51696;24;2154.00;"A"
6509;7445;940315 00:00:00;55368;24;2307.00;"A"
6520;7485;940316 00:00:00;91200;24;3800.00;"A"
6699;8330;940330 00:00:00;7656;24;319.00;"A"
6336;6555;940331 00:00:00;212400;36;5900.00;"A"
7055;10079;940406 00:00:00;167100;60;2785.00;"C"
6103;5385;940407 00:00:00;149340;60;2489.00;"C"
6202;5891;940418 00:00:00;65184;12;5432.00;"A"
7066;10131;940502 00:00:00;215388;36;5983.00;"B"
6696;8321;940509 00:00:00;89040;60;1484.00;"C"
6072;5256;940510 00:00:00;193968;36;5388.00;"A"
5130;813;940511 00:00:00;24312;12;2026.00;"A"
5568;2933;940517 00:00:00;272520;60;4542.00;"C"
6678;8173;940520 00:00:00;80340;12;6695.00;"A"
6998;9833;940521 00:00:00;97632;12;8136.00;"A"
6580;7769;940522 00:00:00;196080;48;4085.00;"A"
6316;6473;940526 00:00:00;76908;12;6409.00;"B"
6512;7454;940526 00:00:00;63312;48;1319.00;"A"
6407;6930;940526 00:00:00;25944;24;1081.00;"A"
5002;173;940531 00:00:00;104808;12;8734.00;"A"
6647;8051;940601 00:00:00;208320;48;4340.00;"A"
7137;10439;940603 00:00:00;151560;24;6315.00;"A"
6903;9337;940604 00:00:00;52128;24;2172.00;"A"
5918;4576;940604 00:00:00;300204;36;8339.00;"A"
6642;8027;940605 00:00:00;77640;12;6470.00;"A"
6210;5927;940606 00:00:00;87216;48;1817.00;"B"
6279;6273;940607 00:00:00;87360;24;3640.00;"A"
7249;11065;940612 00:00:00;69360;48;1445.00;"A"
6736;8558;940614 00:00:00;288360;60;4806.00;"C"
6112;5442;940617 00:00:00;174744;24;7281.00;"B"
5319;1811;940623 00:00:00;239460;60;3991.00;"C"
6596;7844;940625 00:00:00;91584;24;3816.00;"A"
5837;4260;940629 00:00:00;244560;60;4076.00;"C"
5657;3354;940705 00:00:00;4980;12;415.00;"A"
5533;2762;940705 00:00:00;111384;24;4641.00;"A"
6232;6051;940708 00:00:00;276660;36;7685.00;"B"
6888;9265;940711 00:00:00;39576;12;3298.00;"A"
6066;5228;940711 00:00:00;173808;24;7242.00;"A"
5549;2824;940716 00:00:00;50460;60;841.00;"C"
5060;426;940719 00:00:00;252060;60;4201.00;"D"
6004;4937;940723 00:00:00;143904;24;5996.00;"A"
5126;790;940724 00:00:00;208128;48;4336.00;"B"
7220;10911;940728 00:00:00;131292;36;3647.00;"A"
6668;8129;940730 00:00:00;74736;36;2076.00;"A"
5395;2176;940730 00:00:00;299088;36;8308.00;"B"
6836;9093;940803 00:00:00;189300;60;3155.00;"C"
6064;5215;940804 00:00:00;14628;12;1219.00;"A"
6919;9403;940805 00:00:00;120888;36;3358.00;"A"
6841;9104;940807 00:00:00;172080;48;3585.00;"A"
6038;5120;940810 00:00:00;323472;48;6739.00;"A"
6729;8519;940811 00:00:00;74688;12;6224.00;"A"
7198;10788;940823 00:00:00;45768;12;3814.00;"A"
6686;8260;940825 00:00:00;224604;36;6239.00;"A"
5836;4259;940827 00:00:00;79632;24;3318.00;"A"
7061;10105;940827 00:00:00;121896;24;5079.00;"A"
5595;3050;940902 00:00:00;82896;12;6908.00;"A"
5723;3674;940910 00:00:00;23628;12;1969.00;"A"
6120;5481;940911 00:00:00;209184;48;4358.00;"A"
6895;9307;940919 00:00:00;41904;12;3492.00;"A"
5882;4427;940926 00:00:00;87816;12;7318.00;"A"
5754;3834;940928 00:00:00;23052;12;1921.00;"A"
6594;7824;940928 00:00:00;189696;24;7904.00;"B"
6738;8566;940929 00:00:00;230220;36;6395.00;"B"
6624;7965;940930 00:00:00;71460;12;5955.00;"A"
6216;5952;940930 00:00:00;141240;24;5885.00;"A"
6229;6040;941002 00:00:00;11736;24;489.00;"A"
5887;4448;941003 00:00:00;192744;36;5354.00;"A"
6808;8982;941012 00:00:00;227880;36;6330.00;"A"
6297;6363;941025 00:00:00;17508;12;1459.00;"A"
5161;1012;941028 00:00:00;98184;24;4091.00;"A"
5390;2167;941030 00:00:00;170256;24;7094.00;"A"
6150;5622;941102 00:00:00;83016;12;6918.00;"A"
6223;5991;941103 00:00:00;61056;48;1272.00;"A"
5032;290;941103 00:00:00;123696;48;2577.00;"A"
6253;6148;941104 00:00:00;59760;24;2490.00;"A"
6460;7133;941106 00:00:00;48672;36;1352.00;"A"
6645;8041;941106 00:00:00;140400;36;3900.00;"A"
5176;1106;941112 00:00:00;192552;24;8023.00;"B"
5269;1527;941119 00:00:00;164052;36;4557.00;"B"
5351;1978;941204 00:00:00;205200;36;5700.00;"A"
5861;4337;941208 00:00:00;51408;24;2142.00;"A"
5450;2345;941211 00:00:00;199680;60;3328.00;"C"
7142;10451;941219 00:00:00;482940;60;8049.00;"D"
6306;6425;941220 00:00:00;36684;12;3057.00;"A"
6272;6226;941220 00:00:00;398640;60;6644.00;"C"
5044;344;941221 00:00:00;100980;60;1683.00;"C"
5576;2962;941221 00:00:00;31248;12;2604.00;"A"
7192;10738;941221 00:00:00;115992;36;3222.00;"A"
5739;3747;950102 00:00:00;76380;12;6365.00;"A"
6526;7523;950103 00:00:00;288468;36;8013.00;"A"
5624;3166;950103 00:00:00;177744;48;3703.00;"D"
6244;6118;950108 00:00:00;270648;36;7518.00;"B"
5131;816;950108 00:00:00;48624;24;2026.00;"A"
6960;9640;950111 00:00:00;76416;24;3184.00;"A"
6358;6715;950114 00:00:00;137880;60;2298.00;"D"
5418;2245;950116 00:00:00;347952;48;7249.00;"C"
6598;7857;950118 00:00:00;68112;12;5676.00;"A"
5464;2419;950130 00:00:00;95808;12;7984.00;"A"
6591;7819;950202 00:00:00;20832;48;434.00;"C"
5724;3678;950205 00:00:00;316140;60;5269.00;"D"
6315;6472;950206 00:00:00;43164;12;3597.00;"A"
5876;4413;950208 00:00:00;221280;48;4610.00;"C"
6986;9750;950211 00:00:00;151728;48;3161.00;"D"
6294;6353;950212 00:00:00;79920;60;1332.00;"C"
5132;817;950217 00:00:00;538500;60;8975.00;"C"
5877;4414;950223 00:00:00;97224;24;4051.00;"A"
6227;6030;950304 00:00:00;28248;24;1177.00;"A"
7241;11021;950304 00:00:00;168984;24;7041.00;"B"
6737;8564;950311 00:00:00;76680;24;3195.00;"A"
7004;9869;950315 00:00:00;331560;60;5526.00;"C"
6169;5700;950316 00:00:00;103680;60;1728.00;"D"
5208;1247;950316 00:00:00;99696;48;2077.00;"D"
6694;8316;950319 00:00:00;134784;24;5616.00;"A"
5599;3064;950321 00:00:00;15420;12;1285.00;"A"
6546;7607;950327 00:00:00;31728;24;1322.00;"A"
5414;2228;950329 00:00:00;185952;48;3874.00;"C"
5453;2361;950401 00:00:00;156672;36;4352.00;"A"
5740;3752;950402 00:00:00;18564;12;1547.00;"A"
5804;4079;950405 00:00:00;158976;48;3312.00;"C"
6745;8625;950410 00:00:00;47304;24;1971.00;"A"
6950;9591;950411 00:00:00;104712;24;4363.00;"A"
6996;9828;950413 00:00:00;126600;24;5275.00;"A"
5352;1993;950415 00:00:00;68400;12;5700.00;"B"
6151;5628;950425 00:00:00;225420;60;3757.00;"C"
5310;1762;950428 00:00:00;248148;36;6893.00;"A"
5045;347;950501 00:00:00;187224;24;7801.00;"B"
6929;9472;950508 00:00:00;36396;12;3033.00;"A"
5151;960;950524 00:00:00;189060;60;3151.00;"C"
5212;1256;950529 00:00:00;71064;36;1974.00;"A"
5138;854;950530 00:00:00;87216;48;1817.00;"C"
5713;3629;950530 00:00:00;158760;60;2646.00;"C"
6704;8377;950601 00:00:00;417060;60;6951.00;"C"
6474;7190;950606 00:00:00;63360;60;1056.00;"C"
6676;8159;950613 00:00:00;29784;24;1241.00;"A"
6965;9656;950613 00:00:00;139536;24;5814.00;"A"
6725;8489;950623 00:00:00;265320;36;7370.00;"A"
7166;10630;950624 00:00:00;198240;24;8260.00;"A"
7138;10440;950703 00:00:00;60000;60;1000.00;"C"
5970;4774;950709 00:00:00;465072;48;9689.00;"C"
6157;5650;950710 00:00:00;98592;24;4108.00;"A"
6153;5632;950725 00:00:00;285600;60;4760.00;"C"
5693;3489;950801 00:00:00;44088;24;1837.00;"A"
5922;4580;950805 00:00:00;20220;12;1685.00;"A"
5959;4727;950811 00:00:00;107640;24;4485.00;"A"
5980;4825;950818 00:00:00;21396;12;1783.00;"A"
6764;8776;950826 00:00:00;33984;48;708.00;"C"
5237;1375;950829 00:00:00;45336;24;1889.00;"A"
6726;8492;950903 00:00:00;85860;60;1431.00;"C"
6933;9493;950909 00:00:00;188688;48;3931.00;"C"
5145;915;950916 00:00:00;309552;48;6449.00;"C"
7008;9897;950922 00:00:00;36168;12;3014.00;"A"
7227;10942;951002 00:00:00;314520;60;5242.00;"C"
6600;7861;951008 00:00:00;21852;36;607.00;"A"
6712;8405;951014 00:00:00;266220;60;4437.00;"C"
7057;10093;951020 00:00:00;231696;36;6436.00;"A"
7176;10663;951028 00:00:00;260028;36;7223.00;"A"
7304;11349;951029 00:00:00;419880;60;6998.00;"C"
6362;6738;951031 00:00:00;37908;12;3159.00;"A"
5880;4423;951031 00:00:00;73836;36;2051.00;"A"
6535;7546;951102 00:00:00;41952;12;3496.00;"A"
5449;2343;951104 00:00:00;99336;24;4139.00;"A"
6342;6609;951112 00:00:00;60156;36;1671.00;"B"
5409;2218;951118 00:00:00;182040;60;3034.00;"C"
6955;9627;951122 00:00:00;244368;48;5091.00;"C"
6985;9731;951122 00:00:00;113796;36;3161.00;"A"
5125;789;951123 00:00:00;73056;48;1522.00;"C"
5805;4081;951128 00:00:00;137904;24;5746.00;"B"
6185;5774;951128 00:00:00;31176;24;1299.00;"A"
7243;11042;951204 00:00:00;217152;36;6032.00;"A"
6403;6924;951205 00:00:00;194880;48;4060.00;"C"
6578;7765;951211 00:00:00;27984;12;2332.00;"A"
5413;2227;951212 00:00:00;92976;24;3874.00;"A"
6949;9583;951212 00:00:00;104712;24;4363.00;"A"
6545;7606;951212 00:00:00;191880;60;3198.00;"C"
6178;5742;951216 00:00:00;232560;48;4845.00;"C"
5160;1011;951218 00:00:00;204000;60;3400.00;"C"
6785;8899;951225 00:00:00;125340;60;2089.00;"C"
6540;7562;951231 00:00:00;309600;48;6450.00;"C"
6589;7815;960101 00:00:00;189696;24;7904.00;"A"
5900;4503;960101 00:00:00;135360;48;2820.00;"C"
5999;4907;960103 00:00:00;98832;48;2059.00;"C"
6043;5126;960111 00:00:00;20352;48;424.00;"C"
5482;2496;960112 00:00:00;165120;60;2752.00;"C"
7263;11138;960119 00:00:00;89880;24;3745.00;"A"
6013;4995;960203 00:00:00;128988;36;3583.00;"D"
5750;3804;960208 00:00:00;63252;12;5271.00;"A"
6027;5066;960210 00:00:00;61656;24;2569.00;"B"
6303;6400;960212 00:00:00;72408;24;3017.00;"B"
7213;10884;960213 00:00:00;113544;36;3154.00;"C"
6659;8092;960220 00:00:00;56100;60;935.00;"C"
6175;5735;960221 00:00:00;290700;60;4845.00;"D"
5610;3112;960224 00:00:00;123216;48;2567.00;"C"
5563;2912;960229 00:00:00;380160;60;6336.00;"C"
5989;4852;960304 00:00:00;213300;36;5925.00;"C"
6698;8327;960310 00:00:00;247728;48;5161.00;"C"
5312;1772;960313 00:00:00;202788;36;5633.00;"C"
7189;10728;960321 00:00:00;154656;48;3222.00;"C"
6816;9017;960326 00:00:00;100224;48;2088.00;"D"
6137;5574;960410 00:00:00;44628;12;3719.00;"A"
5128;808;960411 00:00:00;215616;48;4492.00;"D"
5470;2456;960415 00:00:00;200976;48;4187.00;"C"
5593;3037;960418 00:00:00;277884;36;7719.00;"D"
5350;1967;960421 00:00:00;249312;48;5194.00;"C"
6063;5213;960425 00:00:00;320976;48;6687.00;"D"
6501;7418;960429 00:00:00;30276;12;2523.00;"B"
5452;2352;960429 00:00:00;49440;60;824.00;"C"
4961;19;960429 00:00:00;30276;12;2523.00;"B"
4973;67;960502 00:00:00;165960;24;6915.00;"A"
6190;5794;960506 00:00:00;123600;60;2060.00;"C"
6715;8411;960506 00:00:00;220620;60;3677.00;"C"
5892;4462;960514 00:00:00;66480;24;2770.00;"B"
6550;7614;960518 00:00:00;320592;48;6679.00;"C"
5706;3608;960524 00:00:00;161496;36;4486.00;"C"
5148;940;960529 00:00:00;284280;60;4738.00;"C"
6734;8547;960530 00:00:00;173016;36;4806.00;"C"
6109;5422;960603 00:00:00;368880;60;6148.00;"C"
6961;9645;960606 00:00:00;176148;36;4893.00;"C"
6810;9006;960608 00:00:00;186384;48;3883.00;"C"
5494;2572;960613 00:00:00;360000;48;7500.00;"C"
5311;1766;960615 00:00:00;30060;60;501.00;"C"
5445;2322;960629 00:00:00;46320;24;1930.00;"A"
5301;1698;960706 00:00:00;141948;36;3943.00;"C"
7034;10001;960711 00:00:00;19044;36;529.00;"C"
6751;8680;960714 00:00:00;85716;36;2381.00;"C"
6667;8127;960715 00:00:00;155880;24;6495.00;"A"
6130;5541;960718 00:00:00;32640;48;680.00;"C"
5429;2268;960718 00:00:00;20196;36;561.00;"C"
5725;3679;960723 00:00:00;444864;48;9268.00;"C"
6019;5033;960725 00:00:00;11400;12;950.00;"A"
6421;6985;960725 00:00:00;96768;36;2688.00;"C"
6992;9790;960727 00:00:00;133968;48;2791.00;"C"
5136;846;960728 00:00:00;187104;24;7796.00;"A"
5337;1886;960731 00:00:00;162468;36;4513.00;"C"
5495;2580;960802 00:00:00;89340;60;1489.00;"C"
7013;9928;960802 00:00:00;89340;60;1489.00;"C"
6012;4994;960803 00:00:00;258444;36;7179.00;"C"
6471;7184;960804 00:00:00;155640;24;6485.00;"A"
6296;6358;960806 00:00:00;270384;48;5633.00;"C"
7305;11359;960806 00:00:00;54024;12;4502.00;"A"
6144;5593;960809 00:00:00;44376;12;3698.00;"A"
6283;6289;960811 00:00:00;85632;48;1784.00;"C"
7246;11054;960820 00:00:00;148920;60;2482.00;"C"
5088;544;960822 00:00:00;91152;24;3798.00;"A"
5988;4851;960822 00:00:00;141648;24;5902.00;"A"
5282;1583;960824 00:00:00;388512;48;8094.00;"D"
5938;4650;960825 00:00:00;402000;60;6700.00;"C"
5606;3084;960828 00:00:00;253512;36;7042.00;"D"
5385;2143;960909 00:00:00;71460;36;1985.00;"C"
6865;9199;960911 00:00:00;29448;12;2454.00;"B"
5586;2994;960914 00:00:00;48744;36;1354.00;"C"
6302;6397;960916 00:00:00;181020;60;3017.00;"C"
7194;10762;960917 00:00:00;68832;36;1912.00;"C"
6461;7136;960919 00:00:00;74124;36;2059.00;"C"
6732;8533;960919 00:00:00;174048;48;3626.00;"C"
6613;7926;960922 00:00:00;84120;24;3505.00;"A"
7036;10019;960925 00:00:00;194940;36;5415.00;"C"
5897;4476;960925 00:00:00;15192;24;633.00;"A"
6995;9814;960926 00:00:00;96168;12;8014.00;"A"
5415;2236;960926 00:00:00;139464;36;3874.00;"D"
7136;10436;960928 00:00:00;54396;36;1511.00;"C"
7271;11186;961002 00:00:00;392460;60;6541.00;"C"
5375;2106;961003 00:00:00;101520;12;8460.00;"A"
5635;3230;961004 00:00:00;77184;36;2144.00;"C"
6817;9024;961004 00:00:00;70656;48;1472.00;"C"
5923;4585;961010 00:00:00;64656;48;1347.00;"C"
5329;1862;961016 00:00:00;396120;60;6602.00;"C"
6644;8039;961020 00:00:00;93600;24;3900.00;"A"
6354;6688;961023 00:00:00;22968;36;638.00;"C"
5082;501;961024 00:00:00;262980;60;4383.00;"C"
6585;7795;961029 00:00:00;372120;60;6202.00;"C"
6921;9422;961029 00:00:00;86184;12;7182.00;"A"
5366;2062;961029 00:00:00;86184;12;7182.00;"A"
5886;4447;961031 00:00:00;192744;36;5354.00;"C"
5741;3754;961103 00:00:00;68544;24;2856.00;"A"
4996;132;961106 00:00:00;88440;12;7370.00;"A"
6015;5001;961109 00:00:00;110112;24;4588.00;"A"
6309;6434;961111 00:00:00;110136;24;4589.00;"A"
6073;5263;961112 00:00:00;276300;60;4605.00;"C"
6006;4948;961115 00:00:00;359760;60;5996.00;"C"
5611;3115;961115 00:00:00;321180;60;5353.00;"C"
6944;9548;961115 00:00:00;46176;48;962.00;"C"
7101;10297;961118 00:00:00;421008;48;8771.00;"C"
6599;7859;961119 00:00:00;72120;12;6010.00;"A"
6940;9510;961122 00:00:00;228276;36;6341.00;"C"
5209;1250;961125 00:00:00;182640;48;3805.00;"C"
5388;2153;961128 00:00:00;61560;12;5130.00;"A"
6011;4981;961128 00:00:00;179328;48;3736.00;"C"
5591;3021;961204 00:00:00;155616;48;3242.00;"C"
7154;10520;961205 00:00:00;417600;60;6960.00;"C"
7130;10411;961211 00:00:00;123408;24;5142.00;"A"
6818;9030;961212 00:00:00;155616;48;3242.00;"C"
5625;3189;961215 00:00:00;222180;60;3703.00;"D"
6805;8972;961221 00:00:00;45024;48;938.00;"C"
7233;10963;961225 00:00:00;115812;36;3217.00;"C"
7308;11362;961227 00:00:00;129408;24;5392.00;"A"
5895;4473;970103 00:00:00;93960;60;1566.00;"C"
7122;10365;970104 00:00:00;260640;36;7240.00;"D"
6173;5724;970108 00:00:00;232560;48;4845.00;"C"
6142;5591;970121 00:00:00;221880;60;3698.00;"C"
5358;2018;970121 00:00:00;38520;12;3210.00;"A"
6095;5358;970124 00:00:00;68340;60;1139.00;"C"
6878;9242;970124 00:00:00;23184;12;1932.00;"A"
6554;7637;970129 00:00:00;390096;48;8127.00;"C"
6793;8931;970130 00:00:00;186300;60;3105.00;"C"
7286;11271;970131 00:00:00;67320;36;1870.00;"C"
6076;5269;970202 00:00:00;117420;60;1957.00;"C"
5134;825;970202 00:00:00;53076;12;4423.00;"A"
5419;2246;970205 00:00:00;415800;60;6930.00;"C"
6255;6158;970208 00:00:00;247920;48;5165.00;"D"
5656;3353;970209 00:00:00;146064;24;6086.00;"C"
6934;9494;970209 00:00:00;116832;12;9736.00;"A"
6028;5072;970209 00:00:00;317520;60;5292.00;"C"
6490;7262;970210 00:00:00;73260;60;1221.00;"C"
6415;6950;970212 00:00:00;475680;48;9910.00;"C"
7087;10215;970220 00:00:00;44304;24;1846.00;"C"
5420;2247;970224 00:00:00;72504;24;3021.00;"C"
5977;4803;970225 00:00:00;59136;48;1232.00;"C"
6824;9052;970226 00:00:00;71976;24;2999.00;"D"
5207;1244;970228 00:00:00;35904;48;748.00;"C"
7115;10351;970304 00:00:00;88704;48;1848.00;"C"
7250;11069;970304 00:00:00;119136;48;2482.00;"C"
6010;4969;970306 00:00:00;150180;60;2503.00;"C"
6088;5317;970307 00:00:00;90180;36;2505.00;"C"
5682;3455;970307 00:00:00;67464;12;5622.00;"A"
7201;10807;970307 00:00:00;67464;12;5622.00;"A"
6938;9504;970310 00:00:00;341280;60;5688.00;"C"
6875;9235;970313 00:00:00;83280;48;1735.00;"C"
5953;4715;970314 00:00:00;97176;24;4049.00;"C"
5942;4681;970315 00:00:00;162624;48;3388.00;"C"
5382;2134;970317 00:00:00;22932;36;637.00;"C"
6377;6792;970317 00:00:00;17184;12;1432.00;"A"
5931;4618;970317 00:00:00;66696;24;2779.00;"D"
5992;4863;970318 00:00:00;76080;12;6340.00;"A"
5790;4033;970320 00:00:00;84288;48;1756.00;"C"
6753;8688;970320 00:00:00;67980;12;5665.00;"A"
6562;7674;970321 00:00:00;94488;24;3937.00;"C"
7046;10049;970328 00:00:00;91632;12;7636.00;"A"
5868;4361;970329 00:00:00;90156;12;7513.00;"A"
5784;3967;970329 00:00:00;84600;36;2350.00;"D"
5878;4415;970401 00:00:00;74040;12;6170.00;"A"
5110;675;970401 00:00:00;102240;60;1704.00;"C"
5210;1252;970401 00:00:00;148140;36;4115.00;"C"
7230;10954;970402 00:00:00;18720;60;312.00;"C"
5005;176;970410 00:00:00;27456;12;2288.00;"A"
6871;9225;970413 00:00:00;164256;48;3422.00;"C"
5363;2051;970422 00:00:00;293880;60;4898.00;"D"
7253;11079;970426 00:00:00;98304;12;8192.00;"A"
6055;5181;970428 00:00:00;399120;60;6652.00;"C"
5072;472;970428 00:00:00;196800;24;8200.00;"D"
6913;9377;970429 00:00:00;99936;24;4164.00;"C"
6386;6856;970430 00:00:00;124344;36;3454.00;"C"
5634;3229;970501 00:00:00;39024;12;3252.00;"A"
5758;3859;970502 00:00:00;307200;60;5120.00;"D"
6819;9031;970503 00:00:00;50112;24;2088.00;"C"
7088;10233;970503 00:00:00;239160;60;3986.00;"C"
5039;314;970503 00:00:00;66840;24;2785.00;"C"
5532;2754;970504 00:00:00;335280;48;6985.00;"C"
6037;5118;970504 00:00:00;53232;48;1109.00;"C"
6322;6510;970506 00:00:00;76992;24;3208.00;"C"
6887;9263;970508 00:00:00;39576;12;3298.00;"A"
6660;8094;970509 00:00:00;220428;36;6123.00;"C"
5451;2350;970511 00:00:00;159744;48;3328.00;"C"
6014;4999;970518 00:00:00;165168;36;4588.00;"C"
5556;2872;970519 00:00:00;268320;60;4472.00;"C"
6346;6649;970522 00:00:00;100260;60;1671.00;"C"
5850;4293;970522 00:00:00;164196;36;4561.00;"C"
5940;4660;970528 00:00:00;106944;24;4456.00;"C"
7119;10361;970602 00:00:00;86880;12;7240.00;"A"
5253;1447;970603 00:00:00;100080;48;2085.00;"C"
6851;9138;970603 00:00:00;272220;60;4537.00;"D"
6695;8320;970604 00:00:00;309660;60;5161.00;"C"
6908;9353;970608 00:00:00;188616;24;7859.00;"C"
7255;11096;970609 00:00:00;213300;60;3555.00;"C"
5674;3418;970610 00:00:00;207264;48;4318.00;"C"
6278;6265;970610 00:00:00;87360;24;3640.00;"C"
5486;2516;970613 00:00:00;466608;48;9721.00;"C"
5174;1093;970613 00:00:00;385104;48;8023.00;"C"
6621;7957;970614 00:00:00;42900;12;3575.00;"A"
6313;6461;970615 00:00:00;150912;36;4192.00;"C"
6435;7045;970616 00:00:00;288720;48;6015.00;"C"
6970;9677;970617 00:00:00;31620;60;527.00;"C"
6310;6440;970617 00:00:00;34572;12;2881.00;"A"
5932;4626;970618 00:00:00;33348;12;2779.00;"A"
6877;9241;970619 00:00:00;285240;60;4754.00;"C"
6763;8772;970619 00:00:00;88272;48;1839.00;"C"
7085;10202;970619 00:00:00;305424;48;6363.00;"C"
7049;10063;970624 00:00:00;233424;36;6484.00;"C"
6959;9633;970630 00:00:00;59448;24;2477.00;"D"
5214;1270;970701 00:00:00;74772;36;2077.00;"C"
6350;6678;970709 00:00:00;294384;48;6133.00;"C"
5063;442;970710 00:00:00;357840;48;7455.00;"D"
5041;319;970711 00:00:00;369000;60;6150.00;"C"
5086;525;970716 00:00:00;210384;48;4383.00;"C"
6942;9513;970716 00:00:00;18324;12;1527.00;"A"
5270;1528;970721 00:00:00;191088;48;3981.00;"C"
6705;8381;970725 00:00:00;333648;48;6951.00;"D"
7051;10068;970728 00:00:00;77808;12;6484.00;"A"
6758;8742;970729 00:00:00;33144;12;2762.00;"A"
6249;6138;970730 00:00:00;67608;24;2817.00;"C"
5808;4099;970731 00:00:00;41856;48;872.00;"C"
5377;2116;970804 00:00:00;92400;12;7700.00;"A"
5446;2334;970804 00:00:00;48312;24;2013.00;"C"
5856;4320;970809 00:00:00;51360;12;4280.00;"B"
4986;97;970810 00:00:00;102876;12;8573.00;"A"
7001;9859;970810 00:00:00;300600;60;5010.00;"C"
6677;8169;970812 00:00:00;97980;60;1633.00;"C"
6665;8114;970815 00:00:00;99300;60;1655.00;"C"
5817;4127;970815 00:00:00;100800;24;4200.00;"D"
6984;9730;970815 00:00:00;116040;60;1934.00;"C"
6541;7565;970817 00:00:00;153504;48;3198.00;"C"
5117;718;970820 00:00:00;76944;12;6412.00;"A"
6097;5362;970821 00:00:00;202848;48;4226.00;"C"
5389;2165;970822 00:00:00;78600;24;3275.00;"C"
7219;10905;970823 00:00:00;57120;48;1190.00;"C"
6338;6592;970824 00:00:00;390660;60;6511.00;"C"
6922;9424;970826 00:00:00;83628;36;2323.00;"C"
5367;2064;970826 00:00:00;83628;36;2323.00;"C"
5638;3249;970827 00:00:00;68124;12;5677.00;"A"
5830;4190;970828 00:00:00;405780;60;6763.00;"C"
5338;1888;970830 00:00:00;57360;12;4780.00;"B"
6007;4949;970830 00:00:00;289920;48;6040.00;"C"
6612;7907;970831 00:00:00;97392;12;8116.00;"A"
5718;3637;970901 00:00:00;14028;12;1169.00;"A"
6104;5395;970905 00:00:00;158184;36;4394.00;"C"
5229;1329;970906 00:00:00;23520;12;1960.00;"A"
6625;7966;970907 00:00:00;473280;60;7888.00;"D"
5206;1242;970907 00:00:00;128544;24;5356.00;"C"
5963;4746;970907 00:00:00;204780;60;3413.00;"C"
4990;110;970908 00:00:00;162576;36;4516.00;"C"
6641;8026;970909 00:00:00;128268;36;3563.00;"C"
5369;2080;970912 00:00:00;214596;36;5961.00;"C"
6196;5837;970914 00:00:00;177804;36;4939.00;"C"
5236;1374;970915 00:00:00;389136;48;8107.00;"C"
5719;3664;970920 00:00:00;271584;48;5658.00;"C"
5643;3273;970921 00:00:00;94512;12;7876.00;"B"
7050;10065;970923 00:00:00;311232;48;6484.00;"C"
6355;6699;970924 00:00:00;127200;48;2650.00;"C"
6688;8268;970926 00:00:00;8616;24;359.00;"C"
6239;6083;970928 00:00:00;360864;48;7518.00;"D"
5531;2753;970930 00:00:00;66432;24;2768.00;"C"
6113;5445;971001 00:00:00;78696;36;2186.00;"C"
7181;10679;971002 00:00:00;197808;24;8242.00;"C"
6118;5477;971004 00:00:00;349392;48;7279.00;"C"
7264;11141;971007 00:00:00;44940;12;3745.00;"A"
5343;1906;971008 00:00:00;44952;24;1873.00;"C"
5051;378;971011 00:00:00;230400;60;3840.00;"C"
5779;3942;971014 00:00:00;107352;36;2982.00;"C"
6605;7890;971014 00:00:00;79344;48;1653.00;"C"
6655;8085;971017 00:00:00;260400;60;4340.00;"D"
6534;7542;971019 00:00:00;590820;60;9847.00;"C"
5681;3448;971020 00:00:00;68664;24;2861.00;"C"
6607;7894;971021 00:00:00;153144;36;4254.00;"C"
6242;6097;971022 00:00:00;26208;36;728.00;"C"
7242;11027;971023 00:00:00;48096;24;2004.00;"C"
7277;11231;971024 00:00:00;89280;12;7440.00;"A"
6675;8158;971101 00:00:00;238716;36;6631.00;"C"
5398;2187;971104 00:00:00;53472;12;4456.00;"A"
5956;4725;971104 00:00:00;168264;36;4674.00;"C"
5731;3711;971105 00:00:00;460980;60;7683.00;"D"
6956;9631;971109 00:00:00;59448;24;2477.00;"C"
6437;7052;971109 00:00:00;63972;36;1777.00;"D"
5447;2335;971112 00:00:00;541200;60;9020.00;"D"
5973;4784;971124 00:00:00;219456;48;4572.00;"C"
6075;5267;971126 00:00:00;129312;24;5388.00;"D"
5281;1580;971127 00:00:00;194256;24;8094.00;"C"
5103;666;971128 00:00:00;12540;12;1045.00;"A"
6468;7176;971130 00:00:00;203940;60;3399.00;"C"
7209;10857;971130 00:00:00;385560;60;6426.00;"D"
5584;2986;971206 00:00:00;24792;24;1033.00;"C"
4988;103;971206 00:00:00;265320;36;7370.00;"D"
6502;7424;971208 00:00:00;30276;12;2523.00;"A"
5651;3329;971208 00:00:00;19248;12;1604.00;"A"
4962;25;971208 00:00:00;30276;12;2523.00;"A"
5862;4342;971209 00:00:00;100128;24;4172.00;"C"
7199;10789;971209 00:00:00;45768;12;3814.00;"A"
6727;8505;971210 00:00:00;42840;12;3570.00;"A"
7279;11244;971211 00:00:00;155760;24;6490.00;"C"
6544;7594;971211 00:00:00;130464;48;2718.00;"C"
5933;4631;971213 00:00:00;87528;24;3647.00;"C"
6574;7745;971220 00:00:00;77544;36;2154.00;"C"
6399;6902;971221 00:00:00;49320;36;1370.00;"C"
7187;10711;971224 00:00:00;24180;60;403.00;"C"
6353;6686;971225 00:00:00;116496;24;4854.00;"C"
5043;339;971225 00:00:00;468060;60;7801.00;"C"
5469;2445;971226 00:00:00;293160;60;4886.00;"C"
5976;4794;971227 00:00:00;465504;48;9698.00;"D"
6059;5196;971228 00:00:00;79824;12;6652.00;"A"
5799;4052;971228 00:00:00;106128;36;2948.00;"C"
6147;5602;971228 00:00:00;177504;48;3698.00;"C"
6254;6157;971228 00:00:00;247920;48;5165.00;"C"
7100;10280;971231 00:00:00;348120;60;5802.00;"C"
7147;10478;980102 00:00:00;267600;48;5575.00;"C"
5909;4550;980103 00:00:00;61320;60;1022.00;"C"
7037;10022;980103 00:00:00;218064;48;4543.00;"C"
5782;3953;980104 00:00:00;63576;12;5298.00;"C"
6237;6075;980106 00:00:00;407952;48;8499.00;"D"
6552;7632;980108 00:00:00;170448;48;3551.00;"C"
7067;10134;980111 00:00:00;136368;24;5682.00;"C"
5320;1819;980111 00:00:00;143676;36;3991.00;"C"
5930;4616;980112 00:00:00;66696;24;2779.00;"C"
6486;7240;980115 00:00:00;152160;60;2536.00;"C"
5245;1407;980117 00:00:00;125472;24;5228.00;"C"
6643;8038;980118 00:00:00;35856;24;1494.00;"C"
5260;1480;980119 00:00:00;123300;36;3425.00;"C"
5569;2936;980120 00:00:00;504000;60;8400.00;"C"
7110;10345;980121 00:00:00;31260;12;2605.00;"C"
7139;10445;980122 00:00:00;23412;12;1951.00;"C"
6791;8926;980123 00:00:00;566640;60;9444.00;"C"
5360;2035;980125 00:00:00;176328;36;4898.00;"C"
5287;1638;980126 00:00:00;64224;24;2676.00;"C"
6553;7636;980126 00:00:00;42384;12;3532.00;"C"
7072;10148;980127 00:00:00;22104;12;1842.00;"C"
6044;5133;980127 00:00:00;57060;12;4755.00;"C"
5332;1869;980129 00:00:00;37944;36;1054.00;"C"
6866;9201;980205 00:00:00;122472;24;5103.00;"C"
6633;7997;980205 00:00:00;160656;24;6694.00;"C"
6926;9455;980207 00:00:00;374760;60;6246.00;"C"
6442;7082;980208 00:00:00;194160;48;4045.00;"C"
5889;4456;980209 00:00:00;321240;60;5354.00;"C"
5765;3875;980210 00:00:00;153936;24;6414.00;"C"
5124;785;980212 00:00:00;156096;36;4336.00;"C"
5491;2545;980213 00:00:00;428784;48;8933.00;"C"
6730;8523;980215 00:00:00;93036;12;7753.00;"C"
7151;10493;980218 00:00:00;133800;24;5575.00;"C"
5140;873;980224 00:00:00;178500;60;2975.00;"C"
7171;10650;980224 00:00:00;196224;48;4088.00;"C"
6568;7713;980225 00:00:00;220440;60;3674.00;"C"
6861;9179;980228 00:00:00;215040;60;3584.00;"C"
6855;9153;980301 00:00:00;52236;36;1451.00;"C"
7129;10404;980301 00:00:00;194280;60;3238.00;"C"
5384;2142;980307 00:00:00;23328;12;1944.00;"C"
6859;9167;980307 00:00:00;272220;60;4537.00;"C"
5772;3906;980308 00:00:00;334620;60;5577.00;"C"
5665;3390;980311 00:00:00;40632;12;3386.00;"C"
6495;7274;980312 00:00:00;49044;12;4087.00;"C"
5061;440;980313 00:00:00;84288;48;1756.00;"C"
6948;9560;980315 00:00:00;157068;36;4363.00;"C"
5773;3907;980316 00:00:00;133848;24;5577.00;"C"
6052;5164;980323 00:00:00;22356;36;621.00;"C"
6682;8225;980330 00:00:00;36204;12;3017.00;"D"
6083;5305;980331 00:00:00;240528;48;5011.00;"C"
6962;9646;980402 00:00:00;279072;48;5814.00;"C"
5158;1004;980411 00:00:00;188532;36;5237.00;"C"
6464;7156;980416 00:00:00;49488;24;2062.00;"C"
5172;1083;980416 00:00:00;50976;36;1416.00;"C"
5582;2982;980417 00:00:00;41256;12;3438.00;"C"
6136;5572;980419 00:00:00;140880;60;2348.00;"C"
6235;6062;980419 00:00:00;321360;60;5356.00;"C"
6508;7437;980419 00:00:00;110736;48;2307.00;"C"
4968;38;980419 00:00:00;110736;48;2307.00;"C"
6632;7990;980423 00:00:00;144960;48;3020.00;"C"
7195;10774;980423 00:00:00;339168;48;7066.00;"C"
5525;2720;980427 00:00:00;93888;36;2608.00;"C"
6320;6495;980428 00:00:00;104964;12;8747.00;"C"
6766;8784;980428 00:00:00;74352;24;3098.00;"C"
6872;9227;980429 00:00:00;191580;60;3193.00;"C"
5906;4533;980505 00:00:00;81144;36;2254.00;"C"
7172;10652;980507 00:00:00;45720;12;3810.00;"C"
6571;7733;980512 00:00:00;140064;24;5836.00;"C"
5616;3143;980515 00:00:00;130896;24;5454.00;"C"
6312;6453;980517 00:00:00;10944;36;304.00;"C"
6470;7181;980517 00:00:00;49872;12;4156.00;"C"
5147;938;980521 00:00:00;22260;60;371.00;"C"
5501;2622;980521 00:00:00;136344;24;5681.00;"C"
6436;7049;980522 00:00:00;495180;60;8253.00;"C"
5699;3562;980524 00:00:00;174960;24;7290.00;"C"
5313;1776;980527 00:00:00;43200;24;1800.00;"C"
6234;6061;980528 00:00:00;5148;12;429.00;"C"
6569;7721;980528 00:00:00;45456;12;3788.00;"C"
7202;10812;980529 00:00:00;140688;48;2931.00;"C"
5683;3460;980529 00:00:00;140688;48;2931.00;"C"
5034;303;980530 00:00:00;112752;36;3132.00;"C"
5435;2279;980601 00:00:00;314688;48;6556.00;"C"
5815;4116;980603 00:00:00;151200;36;4200.00;"C"
5589;3005;980605 00:00:00;390000;48;8125.00;"C"
6746;8639;980606 00:00:00;185640;60;3094.00;"C"
6790;8919;980608 00:00:00;76104;24;3171.00;"C"
6857;9159;980608 00:00:00;69600;48;1450.00;"C"
6450;7099;980610 00:00:00;234336;48;4882.00;"C"
7221;10915;980611 00:00:00;152460;60;2541.00;"C"
5527;2728;980615 00:00:00;156420;60;2607.00;"C"
5620;3161;980616 00:00:00;30012;12;2501.00;"C"
6215;5944;980618 00:00:00;78720;48;1640.00;"C"
7167;10644;980618 00:00:00;269964;36;7499.00;"C"
5823;4144;980621 00:00:00;212976;36;5916.00;"C"
6207;5912;980623 00:00:00;184620;60;3077.00;"C"
6932;9491;980625 00:00:00;225504;48;4698.00;"C"
5669;3403;980627 00:00:00;71820;36;1995.00;"C"
5154;993;980701 00:00:00;108720;60;1812.00;"C"
7168;10645;980705 00:00:00;208332;36;5787.00;"C"
5585;2988;980708 00:00:00;88608;12;7384.00;"C"
7200;10799;980711 00:00:00;31140;60;519.00;"C"
6539;7559;980711 00:00:00;12792;12;1066.00;"C"
5774;3916;980712 00:00:00;96984;36;2694.00;"C"
6357;6706;980712 00:00:00;64860;60;1081.00;"C"
5042;330;980712 00:00:00;331584;48;6908.00;"C"
5015;226;980712 00:00:00;109344;12;9112.00;"C"
5354;2000;980714 00:00:00;290820;60;4847.00;"C"
6054;5180;980716 00:00:00;58764;12;4897.00;"C"
7295;11328;980718 00:00:00;280440;60;4674.00;"C"
5365;2055;980719 00:00:00;271260;60;4521.00;"C"
6755;8713;980724 00:00:00;170700;60;2845.00;"C"
5991;4858;980727 00:00:00;335184;48;6983.00;"D"
7035;10005;980729 00:00:00;210744;36;5854.00;"C"
5893;4467;980803 00:00:00;86184;36;2394.00;"C"
7164;10613;980815 00:00:00;249792;48;5204.00;"C"
5304;1718;980820 00:00:00;172272;24;7178.00;"C"
5561;2910;980829 00:00:00;437460;60;7291.00;"C"
5520;2699;980830 00:00:00;231168;48;4816.00;"C"
5241;1389;980902 00:00:00;125472;24;5228.00;"C"
7096;10257;980902 00:00:00;37812;12;3151.00;"C"
6078;5283;980909 00:00:00;170832;48;3559.00;"C"
5046;349;980909 00:00:00;42816;12;3568.00;"C"
5334;1876;980910 00:00:00;209040;24;8710.00;"C"
6969;9673;980912 00:00:00;88200;36;2450.00;"C"
6821;9037;980915 00:00:00;321936;48;6707.00;"C"
5760;3862;980918 00:00:00;74916;36;2081.00;"C"
5614;3137;980921 00:00:00;253560;60;4226.00;"C"
7091;10243;980922 00:00:00;113436;36;3151.00;"C"
5698;3556;980922 00:00:00;174840;60;2914.00;"C"
5169;1068;980924 00:00:00;253200;60;4220.00;"C"
7294;11327;980927 00:00:00;39168;24;1632.00;"C"
5318;1808;980930 00:00:00;385584;48;8033.00;"C"
5368;2073;981005 00:00:00;44640;24;1860.00;"C"
6923;9433;981005 00:00:00;44640;24;1860.00;"C"
5463;2413;981006 00:00:00;17952;12;1496.00;"C"
5265;1498;981007 00:00:00;165780;60;2763.00;"C"
6321;6505;981008 00:00:00;38496;12;3208.00;"C"
5226;1318;981011 00:00:00;185544;36;5154.00;"C"
6868;9208;981012 00:00:00;82128;24;3422.00;"C"
4967;37;981014 00:00:00;318480;60;5308.00;"D"
5293;1656;981029 00:00:00;189792;48;3954.00;"C"
5865;4354;981030 00:00:00;327660;60;5461.00;"C"
5841;4268;981104 00:00:00;41988;12;3499.00;"C"
5526;2725;981108 00:00:00;69624;36;1934.00;"C"
6852;9140;981110 00:00:00;16032;48;334.00;"C"
6469;7180;981117 00:00:00;99744;24;4156.00;"C"
6168;5698;981121 00:00:00;99216;36;2756.00;"C"
7292;11317;981122 00:00:00;317460;60;5291.00;"C"
5036;309;981125 00:00:00;91248;48;1901.00;"C"
5644;3293;981127 00:00:00;276084;36;7669.00;"C"
6856;9156;981201 00:00:00;163332;36;4537.00;"C"
5428;2262;981202 00:00:00;230220;36;6395.00;"C"
5027;276;981202 00:00:00;160920;36;4470.00;"C"
4989;105;981205 00:00:00;352704;48;7348.00;"C"
5221;1284;981205 00:00:00;52512;12;4376.00;"C"
6402;6922;981206 00:00:00;139488;24;5812.00;"C"
5346;1928;981206 00:00:00;55632;24;2318.00;"C"
6748;8645;981208 00:00:00;240900;60;4015.00;"C"
